{
  "experiment": "cochlea_latency_experiment",
  "elapsed_seconds": 1.1576864579692483,
  "distances_m": [
    0.25,
    0.6818181818181819,
    1.1136363636363638,
    1.5454545454545454,
    1.9772727272727273,
    2.409090909090909,
    2.840909090909091,
    3.272727272727273,
    3.7045454545454546,
    4.136363636363637,
    4.568181818181818,
    5.0
  ],
  "latency_vector_samples": [
    -176,
    -175,
    -174,
    -172,
    -171,
    -169,
    -168,
    -166,
    -164,
    -162,
    -160,
    -156,
    -153,
    -151,
    -148,
    -145,
    -139,
    -137,
    -134,
    -131,
    -127,
    -122,
    -117,
    -114,
    -110,
    -106,
    -102,
    -98,
    -93,
    -89,
    -84,
    -78,
    -76,
    -70,
    -65,
    -59,
    -56,
    -49,
    -45,
    -38,
    -30,
    -25,
    -16,
    -10,
    -1,
    8,
    8,
    8
  ],
  "stats": {
    "mean_channel_latency_std_samples": 0.8246800872521088,
    "max_channel_latency_std_samples": 1.8633899812498245,
    "mean_simple_first_spike_latency_std_samples": 14.77620859946426,
    "max_simple_first_spike_latency_std_samples": 25.69195183104797,
    "median_detector_difference_samples": -9.0,
    "p95_abs_detector_difference_samples": 54.25,
    "missing_first_spike_fraction": 0.0,
    "missing_refractory_lif_fraction": 0.0,
    "simple_first_spike_swap_safe": false,
    "successful_latency_vector": true
  },
  "robust_latency_vector_samples": [
    0,
    0,
    0,
    0,
    0,
    0,
    0,
    0,
    0,
    0,
    0,
    0,
    0,
    0,
    0,
    -62,
    -62,
    -47,
    -51,
    -48,
    -41,
    -44,
    -31,
    -35,
    -27,
    -27,
    -30,
    -20,
    -21,
    -24,
    -25,
    -16,
    -17,
    -16,
    -16,
    -13,
    -8,
    -9,
    -10,
    -6,
    -5,
    -1,
    3,
    4,
    14,
    21,
    23,
    25
  ],
  "robust_stats": {
    "responsive_channels": 33,
    "silenced_channels": 15,
    "calibrated_responsive_channels": 33,
    "missing_responsive_channels": 0,
    "latency_min_samples": -62,
    "latency_max_samples": 25,
    "latency_mean_std_samples": 31.3756114533256,
    "latency_max_std_samples": 53.36275230283136
  },
  "artifacts": {
    "latency_heatmap": "/Users/jackhenry/Library/CloudStorage/OneDrive-UniversityofCambridge/IIB Project work/Offline_copy/Radar_SNN_4/distance_pathway/outputs/cochlea_latency/figures/latency_heatmap.png",
    "latency_vector": "/Users/jackhenry/Library/CloudStorage/OneDrive-UniversityofCambridge/IIB Project work/Offline_copy/Radar_SNN_4/distance_pathway/outputs/cochlea_latency/figures/latency_vector.png",
    "detector_comparison": "/Users/jackhenry/Library/CloudStorage/OneDrive-UniversityofCambridge/IIB Project work/Offline_copy/Radar_SNN_4/distance_pathway/outputs/cochlea_latency/figures/detector_comparison.png",
    "robust_latency_heatmap": "/Users/jackhenry/Library/CloudStorage/OneDrive-UniversityofCambridge/IIB Project work/Offline_copy/Radar_SNN_4/distance_pathway/outputs/cochlea_latency/figures/robust_latency_heatmap.png",
    "robust_latency_vector": "/Users/jackhenry/Library/CloudStorage/OneDrive-UniversityofCambridge/IIB Project work/Offline_copy/Radar_SNN_4/distance_pathway/outputs/cochlea_latency/figures/robust_latency_vector.png"
  },
  "latency_vector_path": "/Users/jackhenry/Library/CloudStorage/OneDrive-UniversityofCambridge/IIB Project work/Offline_copy/Radar_SNN_4/distance_pathway/outputs/cochlea_latency/cochlea_latency_samples.npy",
  "robust_latency_vector_path": "/Users/jackhenry/Library/CloudStorage/OneDrive-UniversityofCambridge/IIB Project work/Offline_copy/Radar_SNN_4/distance_pathway/outputs/distance_noise_robustness/spike_tuned_consensus_facil_latency_samples.npy"
}