{
  "assumption": {
    "reference_level_db_spl": 80.0,
    "meaning": "1x simulator chirp amplitude is treated as 80 dB SPL for the x-axis labeling only."
  },
  "config": {
    "sample_rate_hz": 64000,
    "chirp_start_hz": 18000.0,
    "chirp_end_hz": 2000.0,
    "chirp_duration_s": 0.003,
    "num_cochlea_channels": 24,
    "cochlea_low_hz": 2000.0,
    "cochlea_high_hz": 20000.0,
    "spike_threshold": 0.42,
    "spike_beta": 0.88
  },
  "levels_db_spl": [
    0,
    5,
    10,
    15,
    20,
    25,
    30,
    35,
    40,
    45,
    50,
    55,
    60,
    65,
    70,
    75,
    80,
    85,
    90,
    95,
    100,
    105,
    110,
    115,
    120,
    125,
    130,
    135,
    140
  ],
  "gain_factors_re_1x": [
    0.0001,
    0.000178,
    0.000316,
    0.000562,
    0.001,
    0.001778,
    0.003162,
    0.005623,
    0.01,
    0.017783,
    0.031623,
    0.056234,
    0.1,
    0.177828,
    0.316228,
    0.562341,
    1.0,
    1.778279,
    3.162278,
    5.623413,
    10.0,
    17.782794,
    31.622777,
    56.234133,
    100.0,
    177.827941,
    316.227766,
    562.341325,
    1000.0
  ],
  "normalized_spike_counts": [
    249,
    249,
    249,
    249,
    249,
    249,
    249,
    249,
    249,
    249,
    249,
    249,
    249,
    249,
    249,
    249,
    249,
    249,
    249,
    249,
    249,
    249,
    249,
    249,
    249,
    249,
    249,
    249,
    249
  ],
  "unnormalized_spike_counts": [
    0,
    0,
    0,
    0,
    0,
    0,
    0,
    0,
    0,
    0,
    0,
    0,
    0,
    0,
    5,
    20,
    50,
    106,
    184,
    270,
    376,
    483,
    599,
    723,
    853,
    990,
    1126,
    1257,
    1385
  ],
  "normalized_scaled_envelope_peak": [
    1.35,
    1.35,
    1.35,
    1.35,
    1.35,
    1.35,
    1.35,
    1.35,
    1.35,
    1.35,
    1.35,
    1.35,
    1.35,
    1.35,
    1.35,
    1.35,
    1.35,
    1.35,
    1.35,
    1.35,
    1.35,
    1.35,
    1.35,
    1.35,
    1.35,
    1.35,
    1.35,
    1.35,
    1.35
  ],
  "unnormalized_envelope_peak": [
    2.9e-05,
    5.1e-05,
    9.1e-05,
    0.000162,
    0.000288,
    0.000512,
    0.000911,
    0.001619,
    0.002879,
    0.00512,
    0.009105,
    0.016192,
    0.028793,
    0.051203,
    0.091053,
    0.161917,
    0.287934,
    0.512027,
    0.910527,
    1.619172,
    2.87934,
    5.120272,
    9.105273,
    16.191721,
    28.793404,
    51.202717,
    91.052734,
    161.917191,
    287.934021
  ],
  "first_level_with_spikes_db_spl": {
    "normalized": 0,
    "unnormalized": 70
  },
  "artifacts": {
    "spike_count_plot": "outputs/cochlea_explained/direct_drive_spike_count_vs_level.png"
  }
}