{
  "assumption": {
    "reference_level_db_spl": 80.0,
    "meaning": "1x simulator chirp amplitude is treated as 80 dB SPL for the x-axis labeling only."
  },
  "config": {
    "sample_rate_hz": 64000,
    "chirp_start_hz": 18000.0,
    "chirp_end_hz": 2000.0,
    "chirp_duration_s": 0.003,
    "num_cochlea_channels": 700,
    "cochlea_low_hz": 2000.0,
    "cochlea_high_hz": 20000.0,
    "spike_threshold": 0.42,
    "spike_beta": 0.88
  },
  "levels_db_spl": [
    0,
    5,
    10,
    15,
    20,
    25,
    30,
    35,
    40,
    45,
    50,
    55,
    60,
    65,
    70,
    75,
    80,
    85,
    90,
    95,
    100,
    105,
    110,
    115,
    120,
    125,
    130,
    135,
    140
  ],
  "gain_factors_re_1x": [
    0.0001,
    0.000178,
    0.000316,
    0.000562,
    0.001,
    0.001778,
    0.003162,
    0.005623,
    0.01,
    0.017783,
    0.031623,
    0.056234,
    0.1,
    0.177828,
    0.316228,
    0.562341,
    1.0,
    1.778279,
    3.162278,
    5.623413,
    10.0,
    17.782794,
    31.622777,
    56.234133,
    100.0,
    177.827941,
    316.227766,
    562.341325,
    1000.0
  ],
  "normalized_spike_counts": [
    7460,
    7460,
    7460,
    7460,
    7460,
    7460,
    7460,
    7460,
    7460,
    7460,
    7460,
    7460,
    7460,
    7460,
    7460,
    7460,
    7460,
    7460,
    7460,
    7460,
    7460,
    7460,
    7460,
    7460,
    7460,
    7460,
    7460,
    7460,
    7460
  ],
  "unnormalized_spike_counts": [
    0,
    0,
    0,
    0,
    0,
    0,
    0,
    0,
    0,
    0,
    0,
    0,
    0,
    0,
    144,
    579,
    1487,
    3212,
    5579,
    8339,
    11360,
    14576,
    18057,
    21756,
    25518,
    29547,
    33397,
    37192,
    40891
  ],
  "normalized_scaled_envelope_peak": [
    1.35,
    1.35,
    1.35,
    1.35,
    1.35,
    1.35,
    1.35,
    1.35,
    1.35,
    1.35,
    1.35,
    1.35,
    1.35,
    1.35,
    1.35,
    1.35,
    1.35,
    1.35,
    1.35,
    1.35,
    1.35,
    1.35,
    1.35,
    1.35,
    1.35,
    1.35,
    1.35,
    1.35,
    1.35
  ],
  "unnormalized_envelope_peak": [
    2.9e-05,
    5.1e-05,
    9.1e-05,
    0.000162,
    0.000289,
    0.000513,
    0.000913,
    0.001623,
    0.002887,
    0.005133,
    0.009128,
    0.016233,
    0.028866,
    0.051333,
    0.091284,
    0.162328,
    0.288664,
    0.513326,
    0.912836,
    1.623278,
    2.886642,
    5.133256,
    9.128363,
    16.232779,
    28.866415,
    51.332558,
    91.28363,
    162.327789,
    288.664185
  ],
  "first_level_with_spikes_db_spl": {
    "normalized": 0,
    "unnormalized": 70
  },
  "artifacts": {
    "spike_count_plot": "outputs/cochlea_explained/direct_drive_gain_sweep_700_spike_count_vs_level.png"
  }
}