{
  "experiment": "neuron_analysis",
  "elapsed_seconds": 1.0225438750348985,
  "frequency_response": {
    "frequency_hz": [
      8.0,
      8.763049857219652,
      9.598880350014673,
      10.514433385083079,
      11.517312996737227,
      12.61584850145153,
      13.819163676168698,
      15.137252534918144,
      16.58106233310153,
      18.16258448882945,
      19.894954176447094,
      21.792559419413287,
      23.87116058859256,
      26.148021298441673,
      28.64205178823571,
      31.37396597917212,
      34.36645351177482,
      37.644368192438016,
      41.23493441423349,
      45.167973266388834,
      49.476150210366235,
      54.195246379590984,
      59.36445575608232,
      65.02671069215747,
      71.2290384807968,
      78.02295193612993,
      85.46487722796992,
      93.61662252373212,
      102.54589132999713,
      112.32684479722415,
      123.04071765778126,
      134.7764929129028,
      147.63164087212243,
      161.71292868319458,
      177.1373070759798,
      194.03288168505497,
      212.53997701826734,
      232.81230190792442,
      255.0182261241522,
      279.3421787532076,
      305.9861799548402,
      335.1715188205565,
      367.14059126807103,
      402.1589132364014,
      440.51732590198225,
      482.5344112310185,
      528.5591379301936,
      578.9737597714156,
      634.1969903623536,
      694.6874807304952,
      760.9476286034555,
      833.527751023143,
      913.0306549489972,
      1000.1166438109957,
      1095.509001593869,
      1200.0
    ],
    "lif_gain": [
      0.8187708944833894,
      0.7930685299568956,
      0.7652085154379045,
      0.7353707758655478,
      0.7038076741106443,
      0.6707426158857794,
      0.6366577637961531,
      0.6018960194825235,
      0.5668574159999895,
      0.531940509122354,
      0.49750333111989875,
      0.46381450225969545,
      0.43123115968437004,
      0.39993320597983834,
      0.37008447206641126,
      0.34176198613502473,
      0.31508694711710994,
      0.2900721014956143,
      0.26667929423706616,
      0.24491693552777213,
      0.22471764225736696,
      0.20602708358635732,
      0.18875123302964453,
      0.17283553682612984,
      0.15817975570798212,
      0.14471221762507322,
      0.13232965556278733,
      0.12099869125010008,
      0.11059599184029634,
      0.10107910384946754,
      0.09235756877934438,
      0.08437827636695774,
      0.077085539164683,
      0.07040942563607985,
      0.06430902996565106,
      0.0587344413867185,
      0.053644356772967895,
      0.04899050428372411,
      0.044746731848901926,
      0.04086483027703758,
      0.03731779366063343,
      0.03408703857174336,
      0.031132479550701277,
      0.02843477540865076,
      0.02597450859949754,
      0.02372914569655731,
      0.021681782698458735,
      0.019812776280636865,
      0.018107380566771324,
      0.016552667604455035,
      0.015135231632882464,
      0.013844003470222799,
      0.012669066346571842,
      0.011596796379685404,
      0.010622626814379744,
      0.009704100705508126
    ],
    "lif_spike_rate_hz": [
      17.77777777777778,
      17.77777777777778,
      20.0,
      20.0,
      11.11111111111111,
      13.333333333333332,
      13.333333333333332,
      15.555555555555555,
      17.77777777777778,
      17.77777777777778,
      20.0,
      20.0,
      22.22222222222222,
      13.333333333333332,
      13.333333333333332,
      6.666666666666666,
      0.0,
      0.0,
      0.0,
      0.0,
      0.0,
      0.0,
      0.0,
      0.0,
      0.0,
      0.0,
      0.0,
      0.0,
      0.0,
      0.0,
      0.0,
      0.0,
      0.0,
      0.0,
      0.0,
      0.0,
      0.0,
      0.0,
      0.0,
      0.0,
      0.0,
      0.0,
      0.0,
      0.0,
      0.0,
      0.0,
      0.0,
      0.0,
      0.0,
      0.0,
      0.0,
      0.0,
      0.0,
      0.0,
      0.0,
      0.0
    ],
    "lif_vector_strength": [
      0.9433859170767248,
      0.9306047752809695,
      0.9120500201604117,
      0.8902057135929331,
      0.9988382616241488,
      0.9985287442436666,
      0.998010127202774,
      0.997634167963562,
      0.9970967578632134,
      0.9957406558537745,
      0.9937361522845313,
      0.9993126020834648,
      0.997904351426539,
      0.9998397268778163,
      0.9995909299246547,
      0.999948934869868,
      0.0,
      0.0,
      0.0,
      0.0,
      0.0,
      0.0,
      0.0,
      0.0,
      0.0,
      0.0,
      0.0,
      0.0,
      0.0,
      0.0,
      0.0,
      0.0,
      0.0,
      0.0,
      0.0,
      0.0,
      0.0,
      0.0,
      0.0,
      0.0,
      0.0,
      0.0,
      0.0,
      0.0,
      0.0,
      0.0,
      0.0,
      0.0,
      0.0,
      0.0,
      0.0,
      0.0,
      0.0,
      0.0,
      0.0,
      0.0
    ],
    "rf_gain": [
      0.5340925967334373,
      0.5335115810844042,
      0.5355832695870126,
      0.5351763956340994,
      0.5369782465273223,
      0.5369376782732318,
      0.5411026502459767,
      0.5408500395302267,
      0.5415737760987187,
      0.5483463147000649,
      0.5490787971901656,
      0.5545009722055894,
      0.5523165042815006,
      0.5642982894340732,
      0.5697906007635913,
      0.5768663179398542,
      0.5867021736088143,
      0.6021989848899109,
      0.6027484558092779,
      0.6342142372525124,
      0.6509893067075894,
      0.6893614852321653,
      0.7170183835917646,
      0.7775533588209147,
      0.8438730634396163,
      0.95029950122852,
      1.124622911053313,
      1.4195344348187775,
      2.0404091029144906,
      4.055279051443199,
      8.024483995358121,
      2.1294090919065383,
      1.1427742653729616,
      0.7166368682332376,
      0.5060965028048396,
      0.3820485397692565,
      0.29088259581284626,
      0.2211433529460651,
      0.17958113306885537,
      0.14516765320438768,
      0.11971695478366305,
      0.10225353591333163,
      0.08308340431853337,
      0.07058523123681795,
      0.05815798772656937,
      0.04878704177221137,
      0.04273402865019754,
      0.0366052874274396,
      0.030034641407167197,
      0.02640628403413073,
      0.02228873145219816,
      0.019842364138183195,
      0.01694569425396069,
      0.014721437930921679,
      0.012776874801464545,
      0.011017289954881508
    ],
    "rf_spike_rate_hz": [
      4855.555555555556,
      4457.777777777777,
      4535.555555555556,
      4608.888888888889,
      4388.888888888889,
      4533.333333333333,
      4426.666666666667,
      4442.222222222222,
      4573.333333333333,
      4304.444444444444,
      4242.222222222222,
      4593.333333333333,
      4868.888888888889,
      4653.333333333333,
      4286.666666666667,
      3906.6666666666665,
      3871.111111111111,
      4237.777777777777,
      4622.222222222222,
      4802.222222222222,
      4902.222222222222,
      4968.888888888889,
      4975.555555555556,
      4882.222222222222,
      4748.888888888889,
      4308.888888888889,
      3846.6666666666665,
      3391.111111111111,
      2984.4444444444443,
      2604.4444444444443,
      2271.111111111111,
      2006.6666666666665,
      1684.4444444444443,
      1420.0,
      1206.6666666666667,
      1035.5555555555554,
      744.4444444444445,
      664.4444444444445,
      515.5555555555555,
      557.7777777777777,
      8.88888888888889,
      6.666666666666666,
      6.666666666666666,
      4.444444444444445,
      4.444444444444445,
      2.2222222222222223,
      2.2222222222222223,
      0.0,
      0.0,
      0.0,
      0.0,
      0.0,
      0.0,
      0.0,
      0.0,
      0.0
    ],