{
  "best_params": {
    "hidden_dim": 120,
    "num_steps": 12,
    "lr": 0.0033151284418954283,
    "epochs": 16,
    "beta": 0.8849847251073227
  },
  "best_value": 0.11623881012201309
}