{
  "name": "experiment_3_uncertainty_weighting",
  "title": "Experiment 3: Uncertainty Weighting",
  "description": "Replace manual task weights with learnable task uncertainty parameters.",
  "rationale": "Automatically learned task weighting may improve balance across distance and angular errors.",
  "config": {
    "feature_mode": "handcrafted",
    "loss_mode": "uncertainty",
    "use_resonant": false,
    "use_sconv": false,
    "learning_rate": 0.00281843275698073,
    "batch_size": 32,
    "epochs": 14
  },
  "decision": "REJECTED",
  "accepted": false,
  "compared_against": "baseline",
  "val_metrics": {
    "distance_mae_m": 0.0452483706176281,
    "azimuth_mae_deg": 22.654483795166016,
    "elevation_mae_deg": 14.348379135131836,
    "combined_error": 0.22087538242340088,
    "mean_spike_rate": 0.2067217230796814
  },
  "test_metrics": {
    "distance_mae_m": 0.045627571642398834,
    "azimuth_mae_deg": 21.400177001953125,
    "elevation_mae_deg": 15.258642196655273,
    "combined_error": 0.22578208148479462,
    "mean_spike_rate": 0.2064078152179718
  },
  "training": {
    "best_epoch": 6,
    "best_val_combined_error": 0.22087538242340088,
    "train_loss": [
      0.5085877794772387,
      0.13944482989609241,
      -0.0034878498991020024,
      -0.12612287234514952,
      -0.23875341471284628,
      -0.343784399330616,
      -0.44218326173722744,
      -0.5344008430838585,
      -0.6250959224998951,
      -0.7146796509623528,
      -0.7979035601019859,
      -0.8756791651248932,
      -0.950926162302494,
      -1.008188221603632
    ],
    "val_loss": [
      0.20005719363689423,
      0.061546556651592255,
      -0.06667638570070267,
      -0.1907169073820114,
      -0.28681662678718567,
      -0.3960935175418854,
      -0.5033824443817139,
      -0.5915690064430237,
      -0.6762784123420715,
      -0.7568591237068176,
      -0.8420607447624207,
      -0.9022424817085266,
      -0.9865444302558899,
      -1.0436822175979614
    ],
    "val_combined_error": [
      0.23621129989624023,
      0.22858163714408875,
      0.22434723377227783,
      0.22202011942863464,
      0.22311612963676453,
      0.2218075692653656,
      0.22087538242340088,
      0.22117073833942413,
      0.22150839865207672,
      0.22155067324638367,
      0.2213473618030548,
      0.2219690978527069,
      0.22100162506103516,
      0.22143219411373138
    ],
    "uncertainty_state": {
      "sigma_distance": 0.7334519624710083,
      "sigma_azimuth": 0.7415539026260376,
      "sigma_elevation": 0.7366361021995544
    }
  },
  "comparison": {
    "against_active": {
      "combined_error_delta": 0.14545005559921265,
      "distance_mae_delta": -0.0071179792284965515,
      "azimuth_mae_delta": 18.047065019607544,
      "elevation_mae_delta": 9.141404628753662,
      "spike_rate_delta": -0.049281537532806396
    },
    "against_baseline": {
      "combined_error_delta": 0.14545005559921265,
      "distance_mae_delta": -0.0071179792284965515,
      "azimuth_mae_delta": 18.047065019607544,
      "elevation_mae_delta": 9.141404628753662,
      "spike_rate_delta": -0.049281537532806396
    }
  },
  "artifacts": {}
}